{
  "chatFlows": [
    {
      "id": "welcome",
      "isInitial": true,
      "message": "👋 Hi there! Welcome to Zongotek. I'm your virtual assistant. How can I help you today?",
      "options": [
        {
          "text": "Learn about services",
          "value": "services"
        },
        {
          "text": "Technical support",
          "value": "support"
        },
        {
          "text": "Pricing information",
          "value": "pricing"
        },
        {
          "text": "Talk to a human",
          "value": "human"
        }
      ]
    },
    {
      "id": "services",
      "message": "Zongotek offers a variety of IT services including:",
      "options": [
        {
          "text": "Managed IT Services",
          "value": "managed_it"
        },
        {
          "text": "Cloud Solutions",
          "value": "cloud"
        },
        {
          "text": "Cybersecurity",
          "value": "security"
        },
        {
          "text": "IT Consulting",
          "value": "consulting"
        },
        {
          "text": "Back to main menu",
          "value": "welcome"
        }
      ]
    },
    {
      "id": "managed_it",
      "message": "Our Managed IT services provide proactive management to ensure your business runs without downtime. We offer 24/7 monitoring, patch management, performance reporting, and more. Would you like to learn about pricing or speak with a specialist?",
      "options": [
        {
          "text": "Pricing information",
          "value": "pricing"
        },
        {
          "text": "Speak with a specialist",
          "value": "human"
        },
        {
          "text": "Back to services",
          "value": "services"
        }
      ]
    },
    {
      "id": "cloud",
      "message": "Our Cloud Solutions help businesses migrate to the cloud, optimize cloud infrastructure, and manage cloud resources efficiently. We work with all major cloud providers including AWS, Azure, and Google Cloud.",
      "options": [
        {
          "text": "Pricing information",
          "value": "pricing"
        },
        {
          "text": "Speak with a specialist",
          "value": "human"
        },
        {
          "text": "Back to services",
          "value": "services"
        }
      ]
    },
    {
      "id": "security",
      "message": "Our Cybersecurity services protect your business from threats with advanced security solutions, vulnerability assessments, and employee training. We provide comprehensive security audits and compliance assistance.",
      "options": [
        {
          "text": "Pricing information",
          "value": "pricing"
        },
        {
          "text": "Speak with a specialist",
          "value": "human"
        },
        {
          "text": "Back to services",
          "value": "services"
        }
      ]
    },
    {
      "id": "consulting",
      "message": "Our IT Consulting services help businesses align technology with their goals. We provide strategic planning, technology roadmaps, and digital transformation guidance tailored to your specific needs.",
      "options": [
        {
          "text": "Pricing information",
          "value": "pricing"
        },
        {
          "text": "Speak with a specialist",
          "value": "human"
        },
        {
          "text": "Back to services",
          "value": "services"
        }
      ]
    },
    {
      "id": "support",
      "message": "I'd be happy to help with technical support. Please let me know what issue you're experiencing:",
      "options": [
        {
          "text": "Network issues",
          "value": "network"
        },
        {
          "text": "Software problems",
          "value": "software"
        },
        {
          "text": "Hardware failures",
          "value": "hardware"
        },
        {
          "text": "Security concerns",
          "value": "security_issue"
        },
        {
          "text": "Back to main menu",
          "value": "welcome"
        }
      ]
    },
    {
      "id": "pricing",
      "message": "Our pricing is customized based on your specific business needs. We offer flexible plans starting from $99/month for small businesses. Would you like to receive a detailed quote?",
      "options": [
        {
          "text": "Get a quote",
          "value": "quote"
        },
        {
          "text": "Back to main menu",
          "value": "welcome"
        }
      ]
    },
    {
      "id": "quote",
      "message": "Great! To provide you with an accurate quote, we'll need some information about your business. Would you prefer to:",
      "options": [
        {
          "text": "Fill out a form",
          "value": "form"
        },
        {
          "text": "Talk to a sales representative",
          "value": "human"
        }
      ]
    },
    {
      "id": "form",
      "message": "Please provide the following information and our team will get back to you with a customized quote within 24 hours:\n\n1. Company name\n2. Number of employees\n3. Current IT infrastructure\n4. Specific services you're interested in",
      "collectUserInfo": true,
      "options": [
        {
          "text": "Submit",
          "value": "submit_form"
        },
        {
          "text": "Cancel",
          "value": "welcome"
        }
      ]
    },
    {
      "id": "submit_form",
      "message": "Thank you for providing your information. Our team will review your requirements and get back to you with a customized quote within 24 hours. Is there anything else I can help you with?",
      "options": [
        {
          "text": "Back to main menu",
          "value": "welcome"
        },
        {
          "text": "No, that's all",
          "value": "end"
        }
      ]
    },
    {
      "id": "human",
      "message": "I'll connect you with one of our specialists who can better assist you. Please provide your name and email address, and someone will contact you shortly.",
      "collectUserInfo": true,
      "options": [
        {
          "text": "Submit",
          "value": "submit_contact"
        },
        {
          "text": "Cancel",
          "value": "welcome"
        }
      ]
    },
    {
      "id": "submit_contact",
      "message": "Thank you! One of our specialists will contact you shortly. In the meantime, is there anything else I can help you with?",
      "options": [
        {
          "text": "Back to main menu",
          "value": "welcome"
        },
        {
          "text": "No, that's all",
          "value": "end"
        }
      ]
    },
    {
      "id": "end",
      "message": "Thank you for chatting with us today. If you have any more questions in the future, feel free to return to this chat. Have a great day!",
      "options": [
        {
          "text": "Start new conversation",
          "value": "welcome"
        }
      ]
    },
    {
      "id": "network",
      "message": "I understand you're experiencing network issues. Here are some common troubleshooting steps:\n\n1. Restart your router and modem\n2. Check all cable connections\n3. Verify if other devices can connect\n4. Run a network diagnostic test\n\nDid any of these steps help resolve your issue?",
      "options": [
        {
          "text": "Yes, it's resolved",
          "value": "resolved"
        },
        {
          "text": "No, I still need help",
          "value": "human"
        },
        {
          "text": "Back to support options",
          "value": "support"
        }
      ]
    },
    {
      "id": "software",
      "message": "I understand you're experiencing software problems. Here are some common troubleshooting steps:\n\n1. Restart the application\n2. Update to the latest version\n3. Clear cache and temporary files\n4. Reinstall the software\n\nDid any of these steps help resolve your issue?",
      "options": [
        {
          "text": "Yes, it's resolved",
          "value": "resolved"
        },
        {
          "text": "No, I still need help",
          "value": "human"
        },
        {
          "text": "Back to support options",
          "value": "support"
        }
      ]
    },
    {
      "id": "hardware",
      "message": "I understand you're experiencing hardware failures. Here are some common troubleshooting steps:\n\n1. Check all connections and cables\n2. Restart the device\n3. Listen for unusual sounds\n4. Check for overheating\n\nDid any of these steps help identify the issue?",
      "options": [
        {
          "text": "Yes, it's resolved",
          "value": "resolved"
        },
        {
          "text": "No, I still need help",
          "value": "human"
        },
        {
          "text": "Back to support options",
          "value": "support"
        }
      ]
    },
    {
      "id": "security_issue",
      "message": "I understand you have security concerns. This is a priority for us. To better assist you, could you briefly describe the security issue you're experiencing?",
      "collectUserInfo": true,
      "options": [
        {
          "text": "Submit",
          "value": "security_submit"
        },
        {
          "text": "Talk to security specialist",
          "value": "human"
        },
        {
          "text": "Back to support options",
          "value": "support"
        }
      ]
    },
    {
      "id": "security_submit",
      "message": "Thank you for reporting this security concern. Our security team has been notified and will investigate immediately. A security specialist will contact you shortly. Is there anything else I can help you with?",
      "options": [
        {
          "text": "Back to main menu",
          "value": "welcome"
        },
        {
          "text": "No, that's all",
          "value": "end"
        }
      ]
    },
    {
      "id": "resolved",
      "message": "I'm glad to hear that the issue is resolved! Is there anything else I can help you with today?",
      "options": [
        {
          "text": "Back to main menu",
          "value": "welcome"
        },
        {
          "text": "No, that's all",
          "value": "end"
        }
      ]
    }
  ],
  "sampleResponses": {
    "greeting": [
      "Hello! How can I help you today?",
      "Hi there! Welcome to Zongotek. What can I assist you with?",
      "Welcome! I'm your virtual assistant. How may I help you?"
    ],
    "farewell": [
      "Thank you for chatting with us. Have a great day!",
      "It was a pleasure assisting you. Feel free to reach out if you need anything else.",
      "Thanks for contacting Zongotek. Goodbye!"
    ],
    "fallback": [
      "I'm sorry, I didn't understand that. Could you please rephrase?",
      "I'm not sure I follow. Can you try asking in a different way?",
      "I apologize, but I'm having trouble understanding your request."
    ]
  }
}